"Date","Price","Open","High","Low","Vol.","Change %"
"Jul 22, 2020","84.65","84.00","86.06","82.16","10.73M","0.42%"
"Jul 21, 2020","84.30","88.71","89.50","83.72","15.20M","-3.10%"
"Jul 20, 2020","87.00","82.36","87.16","82.11","10.78M","6.10%"
"Jul 17, 2020","82.00","80.50","82.22","80.48","10.96M","2.27%"
"Jul 16, 2020","80.18","81.10","81.80","79.14","11.12M","-1.62%"
"Jul 15, 2020","81.50","81.30","81.90","80.87","12.70M","1.24%"
"Jul 14, 2020","80.50","80.75","82.35","79.44","14.11M","0.00%"
"Jul 13, 2020","80.50","80.61","82.20","80.21","10.86M","0.40%"
"Jul 10, 2020","80.18","79.29","81.00","78.95","12.93M","0.98%"
"Jul 09, 2020","79.40","77.00","79.58","76.24","11.59M","3.52%"
"Jul 08, 2020","76.70","75.25","76.70","74.82","11.62M","2.65%"
"Jul 07, 2020","74.72","71.90","74.79","71.07","12.36M","3.79%"
"Jul 06, 2020","71.99","72.81","73.18","71.60","8.11M","-0.01%"
"Jul 03, 2020","72.00","70.20","72.05","69.30","7.04M","2.71%"
"Jul 02, 2020","70.10","72.75","73.25","70.10","10.68M","-3.04%"
"Jul 01, 2020","72.30","71.98","72.50","70.90","8.80M","0.91%"
"Jun 30, 2020","71.65","69.83","72.90","69.64","12.79M","1.76%"
"Jun 29, 2020","70.41","70.17","70.41","68.35","8.19M","1.53%"
"Jun 26, 2020","69.35","69.49","70.91","68.65","8.18M","-0.49%"
"Jun 25, 2020","69.69","69.91","70.70","68.74","7.88M","-0.16%"
"Jun 24, 2020","69.80","70.20","71.58","68.20","10.64M","-0.64%"
"Jun 23, 2020","70.25","71.56","72.09","70.25","7.31M","-0.92%"
"Jun 22, 2020","70.90","71.62","72.34","70.19","9.26M","-0.70%"
"Jun 19, 2020","71.40","70.98","71.74","70.42","19.98M","2.44%"
"Jun 18, 2020","69.70","67.18","70.92","65.92","19.41M","3.74%"
"Jun 17, 2020","67.19","66.41","68.66","65.93","19.25M","1.80%"
"Jun 16, 2020","66.00","66.60","67.47","64.60","15.53M","0.23%"
"Jun 15, 2020","65.85","62.84","65.85","62.22","14.60M","2.97%"
"Jun 12, 2020","63.95","62.82","65.00","62.51","17.04M","-1.01%"
"Jun 10, 2020","64.60","63.00","65.06","61.14","19.72M","3.56%"
"Jun 09, 2020","62.38","61.18","63.69","60.90","11.40M","0.00%"
"Jun 08, 2020","62.38","60.01","63.28","59.30","20.55M","4.93%"
"Jun 05, 2020","59.45","62.00","62.09","58.52","19.27M","-1.72%"
"Jun 04, 2020","60.49","61.63","62.15","60.01","12.73M","-3.03%"
"Jun 03, 2020","62.38","62.88","63.48","60.18","19.53M","0.94%"
"Jun 02, 2020","61.80","64.61","64.98","61.41","18.50M","-2.98%"
"Jun 01, 2020","63.70","64.00","64.66","62.75","8.75M","-1.01%"
"May 29, 2020","64.35","65.30","65.69","64.00","16.75M","-1.38%"
"May 28, 2020","65.25","67.25","67.54","64.50","13.55M","-3.13%"
"May 27, 2020","67.36","66.86","67.77","64.75","14.06M","4.47%"
"May 26, 2020","64.48","63.20","68.13","63.15","25.52M","6.75%"
"May 25, 2020","60.40","59.20","61.00","58.88","10.84M","4.77%"
"May 22, 2020","57.65","57.89","59.30","57.15","10.95M","-1.10%"
"May 21, 2020","58.29","57.60","59.10","57.08","10.51M","2.44%"
"May 20, 2020","56.90","59.00","59.50","56.88","12.02M","-2.87%"
"May 19, 2020","58.58","55.94","59.25","55.70","14.83M","5.08%"
"May 18, 2020","55.75","56.49","56.69","55.10","10.31M","1.12%"
"May 15, 2020","55.13","55.00","56.25","54.30","8.73M","-0.67%"
"May 14, 2020","55.50","54.80","55.71","53.80","13.32M","0.73%"
"May 13, 2020","55.10","55.60","55.94","54.43","12.28M","0.55%"
"May 12, 2020","54.80","55.50","57.00","54.06","10.16M","-0.27%"
"May 11, 2020","54.95","55.44","56.55","54.56","8.39M","-1.06%"
"May 08, 2020","55.54","57.92","57.92","54.75","13.80M","-2.20%"
"May 07, 2020","56.79","56.50","58.20","53.39","23.10M","2.97%"
"May 06, 2020","55.15","52.22","56.08","52.02","29.67M","9.86%"
"May 05, 2020","50.20","52.15","52.80","50.15","12.72M","-2.41%"
"May 04, 2020","51.44","48.00","51.68","47.31","13.03M","3.50%"
"Apr 30, 2020","49.70","49.86","51.55","49.11","11.60M","-1.82%"
"Apr 29, 2020","50.62","52.60","52.89","50.15","16.63M","-2.28%"
"Apr 28, 2020","51.80","51.00","51.80","50.15","14.42M","4.65%"
"Apr 27, 2020","49.50","49.23","50.00","48.00","17.43M","4.47%"
"Apr 24, 2020","47.38","48.39","49.15","42.68","26.32M","-4.22%"
"Apr 23, 2020","49.47","51.86","52.50","48.58","17.45M","-2.14%"
"Apr 22, 2020","50.55","49.50","52.18","49.10","22.22M","4.27%"
"Apr 20, 2020","48.48","43.72","48.55","43.25","19.78M","8.72%"
"Apr 17, 2020","44.59","46.68","46.89","43.90","12.04M","-2.15%"
"Apr 16, 2020","45.57","44.65","46.00","44.20","14.48M","3.92%"
"Apr 15, 2020","43.85","42.10","44.32","41.50","13.48M","2.21%"
"Apr 14, 2020","42.90","42.90","43.40","42.34","11.12M","2.36%"
"Apr 13, 2020","41.91","41.09","42.10","40.67","8.40M","0.62%"
"Apr 09, 2020","41.65","42.82","43.70","41.26","12.90M","-0.74%"
"Apr 08, 2020","41.96","40.27","42.20","39.44","15.73M","4.66%"
"Apr 07, 2020","40.09","41.44","42.60","40.09","19.57M","4.95%"
"Apr 06, 2020","38.20","38.40","39.38","37.22","16.18M","7.48%"
"Apr 03, 2020","35.54","35.34","35.65","33.33","16.40M","-0.98%"
"Apr 02, 2020","35.89","38.22","38.70","35.11","20.39M","-4.24%"
"Apr 01, 2020","37.48","37.40","39.13","36.07","18.33M","-3.87%"
"Mar 31, 2020","38.99","42.48","43.20","38.81","24.16M","-6.27%"
"Mar 30, 2020","41.60","41.00","42.02","39.80","18.84M","6.67%"
"Mar 27, 2020","39.00","38.69","40.74","37.65","17.00M","-5.16%"
"Mar 26, 2020","41.12","40.64","44.40","40.26","22.80M","2.80%"
"Mar 25, 2020","40.00","36.90","43.35","36.72","31.13M","9.05%"
"Mar 24, 2020","36.68","33.72","37.79","33.72","20.59M","21.42%"
"Mar 23, 2020","30.21","32.50","32.93","29.56","21.35M","-1.44%"
"Mar 20, 2020","30.65","32.80","36.07","30.65","28.21M","0.33%"
"Mar 19, 2020","30.55","27.50","31.37","25.00","28.12M","6.04%"
"Mar 18, 2020","28.81","32.02","33.62","26.47","30.32M","-19.00%"
"Mar 17, 2020","35.57","36.12","37.68","32.85","26.97M","4.40%"
"Mar 16, 2020","34.07","35.00","39.91","34.07","22.90M","-18.88%"
"Mar 13, 2020","42.00","42.50","42.76","34.21","30.01M","23.53%"
"Mar 12, 2020","34.00","36.00","38.83","30.57","17.38M","-21.08%"
"Mar 11, 2020","43.08","45.00","46.77","39.90","19.87M","-8.32%"
"Mar 10, 2020","46.99","45.00","47.01","42.28","20.45M","16.43%"
"Mar 09, 2020","40.36","39.02","42.36","38.78","24.19M","-10.96%"
"Mar 06, 2020","45.33","44.13","46.41","43.05","28.34M","-5.15%"
"Mar 05, 2020","47.79","52.00","52.00","46.60","21.20M","-8.88%"
"Mar 04, 2020","52.45","54.40","54.46","51.87","11.34M","-0.76%"
"Mar 03, 2020","52.85","52.68","54.80","51.67","14.60M","0.57%"
"Mar 02, 2020","52.55","50.70","53.44","49.82","16.15M","4.02%"
"Feb 28, 2020","50.52","49.00","50.52","47.22","19.70M","0.54%"
"Feb 27, 2020","50.25","52.00","53.40","50.02","14.70M","-4.97%"
"Feb 26, 2020","52.88","53.06","54.05","51.76","13.43M","-6.32%"
"Feb 21, 2020","56.45","55.65","57.82","55.40","9.59M","-0.16%"
"Feb 20, 2020","56.54","57.93","58.13","55.83","11.14M","-2.28%"
"Feb 19, 2020","57.86","58.35","58.90","57.61","9.13M","-0.62%"
"Feb 18, 2020","58.22","58.25","59.10","57.50","9.56M","-1.07%"
"Feb 17, 2020","58.85","58.00","59.92","57.15","18.44M","4.47%"
"Feb 14, 2020","56.33","57.60","57.96","56.00","9.17M","-1.26%"
"Feb 13, 2020","57.05","54.92","57.30","54.10","13.74M","1.98%"
"Feb 12, 2020","55.94","54.53","56.55","54.25","10.53M","3.08%"
"Feb 11, 2020","54.27","53.20","54.80","51.73","9.49M","3.61%"
"Feb 10, 2020","52.38","54.00","55.53","51.54","12.83M","-3.41%"
"Feb 07, 2020","54.23","55.70","55.93","53.50","9.77M","-2.87%"
"Feb 06, 2020","55.83","58.00","58.15","55.80","10.29M","-2.57%"
"Feb 05, 2020","57.30","58.50","58.84","57.03","8.62M","-0.62%"
"Feb 04, 2020","57.66","57.60","58.67","57.13","8.22M","2.00%"
"Feb 03, 2020","56.53","56.48","56.95","55.66","6.14M","1.31%"
"Jan 31, 2020","55.80","55.64","57.15","55.20","9.70M","-1.24%"
"Jan 30, 2020","56.50","56.37","56.70","55.02","11.08M","-1.38%"
"Jan 29, 2020","57.29","57.51","58.09","56.65","9.95M","0.53%"
"Jan 28, 2020","56.99","54.01","56.99","54.01","10.36M","5.93%"
"Jan 27, 2020","53.80","55.05","55.30","53.75","7.52M","-4.19%"
"Jan 24, 2020","56.15","56.77","57.05","56.00","7.52M","-0.76%"
"Jan 23, 2020","56.58","55.68","56.72","54.93","8.18M","1.60%"
"Jan 22, 2020","55.69","56.51","57.10","54.83","9.02M","-0.39%"
"Jan 21, 2020","55.91","55.72","56.74","55.61","8.06M","-0.16%"
"Jan 20, 2020","56.00","54.12","56.00","54.05","7.41M","3.04%"
"Jan 17, 2020","54.35","53.80","54.43","53.10","6.05M","1.66%"
"Jan 16, 2020","53.46","54.20","54.72","52.30","8.38M","-0.37%"
"Jan 15, 2020","53.66","53.68","54.36","53.20","9.24M","-0.63%"
"Jan 14, 2020","54.00","54.00","55.05","53.60","8.30M","-0.42%"
"Jan 13, 2020","54.23","52.20","54.23","52.15","8.58M","4.69%"
"Jan 10, 2020","51.80","52.09","53.05","51.05","9.37M","-0.54%"
"Jan 09, 2020","52.08","50.50","52.23","50.42","11.03M","3.56%"
"Jan 08, 2020","50.29","48.62","50.35","48.50","10.00M","3.07%"
"Jan 07, 2020","48.79","48.94","49.20","48.50","6.70M","-0.29%"
"Jan 06, 2020","48.93","48.40","49.31","47.80","6.84M","0.08%"
"Jan 03, 2020","48.89","48.50","49.33","48.30","6.68M","-0.89%"
"Jan 02, 2020","49.33","48.30","49.33","47.71","7.40M","3.50%"
"Dec 30, 2019","47.66","48.76","48.95","47.47","8.09M","-2.12%"
"Dec 27, 2019","48.69","49.11","49.37","48.11","5.92M","-0.73%"
"Dec 26, 2019","49.05","48.76","49.06","48.59","4.85M","0.72%"
"Dec 23, 2019","48.70","48.56","49.21","48.36","6.50M","0.31%"
"Dec 20, 2019","48.55","48.58","48.99","47.92","9.19M","-0.14%"
"Dec 19, 2019","48.62","48.53","48.73","47.90","7.52M","0.19%"
"Dec 18, 2019","48.53","48.15","49.00","47.66","10.30M","1.36%"
"Dec 17, 2019","47.88","49.39","49.39","47.23","12.12M","-2.88%"
"Dec 16, 2019","49.30","49.49","49.88","48.66","10.69M","0.47%"
"Dec 13, 2019","49.07","48.30","49.66","48.00","13.66M","2.59%"
"Dec 12, 2019","47.83","47.96","48.37","47.53","9.07M","0.53%"
"Dec 11, 2019","47.58","46.88","47.90","46.65","11.27M","2.10%"
"Dec 10, 2019","46.60","45.94","46.60","45.30","8.44M","1.64%"
"Dec 09, 2019","45.85","45.40","46.50","45.32","12.76M","0.99%"
"Dec 06, 2019","45.40","45.02","45.59","44.80","7.55M","1.14%"
"Dec 05, 2019","44.89","44.28","45.19","44.07","9.76M","1.86%"
"Dec 04, 2019","44.07","44.70","45.75","44.00","14.59M","-1.17%"
"Dec 03, 2019","44.59","45.19","45.21","44.00","8.61M","-0.73%"
"Dec 02, 2019","44.92","45.45","45.65","44.52","9.85M","-0.24%"
"Nov 29, 2019","45.03","45.80","45.91","45.03","11.38M","-1.25%"
"Nov 28, 2019","45.60","45.33","46.05","44.83","12.05M","0.00%"
"Nov 27, 2019","45.60","43.45","45.60","43.20","16.28M","5.95%"
"Nov 26, 2019","43.04","44.20","44.29","42.51","17.99M","-2.84%"
"Nov 25, 2019","44.30","45.50","45.51","44.30","9.08M","-2.62%"
"Nov 22, 2019","45.49","44.70","45.69","44.56","12.00M","1.09%"
"Nov 21, 2019","45.00","44.89","45.09","44.25","10.71M","1.08%"
"Nov 19, 2019","44.52","44.98","45.25","43.53","14.93M","-1.02%"
"Nov 18, 2019","44.98","45.00","45.19","43.77","27.66M","1.65%"
"Nov 14, 2019","44.25","42.70","44.46","42.57","18.07M","4.12%"
"Nov 13, 2019","42.50","42.86","42.88","41.70","22.82M","-2.07%"
"Nov 12, 2019","43.40","45.20","45.46","43.07","16.36M","-3.60%"
"Nov 11, 2019","45.02","43.50","45.48","43.24","11.16M","2.76%"
"Nov 08, 2019","43.81","43.51","44.79","42.95","10.64M","-0.88%"
"Nov 07, 2019","44.20","45.61","45.90","44.16","9.78M","-2.21%"
"Nov 06, 2019","45.20","44.50","45.30","43.49","11.79M","2.63%"
"Nov 05, 2019","44.04","45.32","46.28","43.52","18.19M","-2.07%"
"Nov 04, 2019","44.97","48.14","48.79","44.77","31.34M","-4.70%"
"Nov 01, 2019","47.19","44.95","47.30","44.91","22.91M","5.71%"
"Oct 31, 2019","44.64","43.35","44.64","42.57","23.86M","1.41%"
"Oct 30, 2019","44.02","42.86","44.44","42.25","31.87M","6.97%"
"Oct 29, 2019","41.15","43.18","43.39","40.63","12.26M","-3.56%"
"Oct 28, 2019","42.67","42.20","43.18","42.05","10.44M","1.60%"
"Oct 25, 2019","42.00","43.38","43.50","42.00","8.04M","-2.89%"
"Oct 24, 2019","43.25","43.49","43.95","43.16","5.92M","-0.55%"
"Oct 23, 2019","43.49","43.59","43.99","42.92","8.06M","-0.53%"
"Oct 22, 2019","43.72","43.19","43.98","43.17","5.90M","1.44%"
"Oct 21, 2019","43.10","43.35","43.55","42.42","6.13M","0.23%"
"Oct 18, 2019","43.00","43.44","43.95","42.35","7.07M","-0.39%"
"Oct 17, 2019","43.17","42.70","44.35","42.60","13.27M","0.96%"
"Oct 16, 2019","42.76","41.61","42.88","40.97","10.24M","2.30%"
"Oct 15, 2019","41.80","42.20","42.80","41.23","9.50M","-0.88%"
"Oct 14, 2019","42.17","40.00","42.17","39.90","10.94M","4.12%"
"Oct 11, 2019","40.50","39.48","40.75","39.36","10.89M","4.01%"
"Oct 10, 2019","38.94","39.70","39.98","38.80","7.52M","-1.79%"
"Oct 09, 2019","39.65","38.30","39.68","38.28","8.86M","4.34%"
"Oct 08, 2019","38.00","38.64","38.97","37.86","10.59M","-0.86%"
"Oct 07, 2019","38.33","38.53","39.67","38.09","9.79M","-0.98%"
"Oct 04, 2019","38.71","37.33","38.85","37.23","14.81M","3.98%"
"Oct 03, 2019","37.23","36.49","37.23","35.98","5.76M","2.20%"
"Oct 02, 2019","36.43","37.08","37.22","36.20","8.79M","-2.54%"
"Oct 01, 2019","37.38","37.08","37.38","36.64","6.42M","1.11%"
"Sep 30, 2019","36.97","36.68","37.15","36.47","5.12M","0.65%"
"Sep 27, 2019","36.73","36.49","36.77","36.08","4.02M","0.63%"
"Sep 26, 2019","36.50","36.74","37.20","36.44","6.89M","-0.41%"
"Sep 25, 2019","36.65","36.48","36.80","35.68","5.59M","-0.14%"
"Sep 24, 2019","36.70","36.03","36.93","35.90","9.37M","1.97%"
"Sep 23, 2019","35.99","36.58","36.58","35.74","6.10M","-1.56%"
"Sep 20, 2019","36.56","35.94","36.56","35.45","10.61M","2.09%"
"Sep 19, 2019","35.81","35.40","36.35","35.40","11.46M","2.14%"
"Sep 18, 2019","35.06","34.50","35.20","34.45","6.34M","0.60%"
"Sep 17, 2019","34.85","34.14","35.18","33.83","10.29M","-0.06%"
"Sep 16, 2019","34.87","33.80","34.87","32.77","10.56M","2.26%"
"Sep 13, 2019","34.10","35.22","35.27","34.05","7.66M","-2.57%"
"Sep 12, 2019","35.00","35.00","35.39","33.88","12.53M","1.16%"
"Sep 11, 2019","34.60","33.70","34.65","33.15","16.28M","6.46%"
"Sep 10, 2019","32.50","33.00","33.31","31.63","23.81M","-4.97%"
"Sep 09, 2019","34.20","36.09","36.16","33.51","14.22M","-5.00%"
"Sep 06, 2019","36.00","36.98","37.06","35.85","7.79M","-1.91%"
"Sep 05, 2019","36.70","37.50","37.79","36.65","6.98M","-1.34%"
"Sep 04, 2019","37.20","36.66","37.20","36.35","7.78M","3.68%"
"Sep 03, 2019","35.88","36.28","37.38","35.78","7.31M","-1.99%"
"Sep 02, 2019","36.61","36.50","36.94","36.08","6.70M","0.88%"
"Aug 30, 2019","36.29","37.60","37.93","35.91","10.96M","-2.60%"
"Aug 29, 2019","37.26","35.59","37.26","35.35","13.87M","6.73%"
"Aug 28, 2019","34.91","34.01","34.98","33.50","10.97M","2.05%"
"Aug 27, 2019","34.21","34.26","34.93","33.82","12.92M","1.51%"
"Aug 26, 2019","33.70","34.85","35.00","33.25","9.48M","-0.24%"
"Aug 23, 2019","33.78","33.65","34.98","32.98","16.52M","-1.89%"
"Aug 22, 2019","34.43","36.70","36.90","34.28","13.07M","-5.77%"
"Aug 21, 2019","36.54","36.77","37.22","36.54","6.27M","0.03%"
"Aug 20, 2019","36.53","37.65","37.68","36.21","10.23M","-3.44%"
"Aug 19, 2019","37.83","38.07","38.20","37.30","5.69M","0.72%"
"Aug 16, 2019","37.56","37.59","37.85","36.40","8.81M","3.44%"
"Aug 15, 2019","36.31","37.50","38.03","36.11","10.01M","-1.73%"
"Aug 14, 2019","36.95","37.37","38.25","36.58","13.10M","-2.38%"
"Aug 13, 2019","37.85","37.60","38.30","37.42","15.96M","3.93%"
"Aug 12, 2019","36.42","37.77","37.77","35.97","9.43M","-3.60%"
"Aug 09, 2019","37.78","37.15","38.66","37.14","11.95M","1.72%"
"Aug 08, 2019","37.14","36.70","37.34","36.55","9.59M","2.29%"
"Aug 07, 2019","36.31","36.90","36.90","35.24","11.47M","-0.79%"
"Aug 06, 2019","36.60","35.59","37.06","35.53","17.25M","6.09%"
"Aug 05, 2019","34.50","35.25","35.25","34.41","14.71M","-2.65%"
"Aug 02, 2019","35.44","35.08","35.60","34.69","11.28M","2.55%"
"Aug 01, 2019","34.56","33.69","34.91","33.54","19.67M","4.82%"
"Jul 31, 2019","32.97","33.49","33.75","32.54","12.47M","-0.30%"
"Jul 30, 2019","33.07","32.98","33.93","32.88","14.01M","0.27%"
"Jul 29, 2019","32.98","31.50","33.05","31.33","11.46M","4.70%"
"Jul 26, 2019","31.50","30.78","31.73","30.61","9.32M","3.08%"
"Jul 25, 2019","30.56","30.96","31.03","30.27","8.84M","-0.55%"
"Jul 24, 2019","30.73","30.38","31.14","30.38","6.87M","1.59%"
"Jul 23, 2019","30.25","31.13","31.20","30.17","8.93M","-2.17%"
"Jul 22, 2019","30.92","30.12","30.93","29.88","11.85M","3.90%"
"Jul 19, 2019","29.76","31.12","31.18","29.76","11.98M","-3.63%"
"Jul 18, 2019","30.88","30.94","31.31","30.64","9.77M","1.08%"
"Jul 17, 2019","30.55","29.64","31.37","29.64","20.84M","4.44%"
"Jul 16, 2019","29.25","28.98","29.27","28.93","5.53M","1.46%"
"Jul 15, 2019","28.83","29.38","29.42","28.75","7.40M","-0.62%"
"Jul 12, 2019","29.01","29.38","30.05","29.00","15.27M","0.55%"
"Jul 11, 2019","28.85","29.48","29.48","28.64","8.59M","-1.16%"
"Jul 10, 2019","29.19","28.91","29.49","28.91","8.86M","1.78%"
"Jul 08, 2019","28.68","28.26","28.90","28.15","7.50M","1.49%"
"Jul 05, 2019","28.26","27.75","28.52","27.56","7.85M","2.24%"
"Jul 04, 2019","27.64","27.83","28.00","27.64","9.03M","0.11%"
"Jul 03, 2019","27.61","26.48","27.61","26.41","10.82M","3.95%"
"Jul 02, 2019","26.56","26.34","26.56","26.12","5.67M","1.10%"
"Jul 01, 2019","26.27","26.50","26.70","26.15","5.64M","-0.45%"
"Jun 28, 2019","26.39","26.18","26.39","25.92","8.07M","1.19%"
"Jun 27, 2019","26.08","26.04","26.19","25.68","5.90M","0.08%"
"Jun 26, 2019","26.06","26.00","26.26","25.88","5.64M","0.97%"
"Jun 25, 2019","25.81","26.12","26.37","25.81","8.29M","-1.68%"
"Jun 24, 2019","26.25","26.52","26.74","26.08","6.72M","-1.24%"
"Jun 21, 2019","26.58","26.38","26.75","26.36","9.86M","1.26%"
"Jun 19, 2019","26.25","25.88","26.38","25.63","20.77M","0.92%"
"Jun 18, 2019","26.01","26.32","26.57","25.88","8.78M","0.27%"
"Jun 17, 2019","25.94","26.51","27.00","25.85","10.96M","-1.93%"
"Jun 14, 2019","26.45","26.12","26.88","25.68","11.81M","0.95%"
"Jun 13, 2019","26.20","25.75","26.28","25.69","10.26M","3.19%"
"Jun 12, 2019","25.39","25.75","25.77","25.12","10.60M","-1.97%"
"Jun 11, 2019","25.90","25.50","26.19","25.46","9.00M","2.33%"
"Jun 10, 2019","25.31","24.82","25.55","24.56","9.35M","2.02%"
"Jun 07, 2019","24.81","23.85","24.81","23.82","7.80M","4.46%"
"Jun 06, 2019","23.75","24.25","24.25","23.51","5.39M","-0.63%"
"Jun 05, 2019","23.90","24.50","24.65","23.50","10.09M","-1.73%"
"Jun 04, 2019","24.32","24.75","24.87","24.00","6.43M","-0.08%"
"Jun 03, 2019","24.34","24.62","24.85","24.19","6.59M","-0.65%"
"May 31, 2019","24.50","24.00","24.50","23.96","6.73M","1.62%"
"May 30, 2019","24.11","23.75","24.30","23.70","7.20M","1.90%"
"May 29, 2019","23.66","23.79","24.43","23.39","11.27M","0.17%"
"May 28, 2019","23.62","22.54","23.62","22.52","16.41M","6.16%"
"May 27, 2019","22.25","22.62","22.75","22.25","3.86M","0.63%"
"May 24, 2019","22.11","22.81","22.94","22.00","6.35M","-1.99%"
"May 23, 2019","22.56","22.21","22.79","21.89","8.21M","0.13%"
"May 22, 2019","22.53","22.62","23.02","22.25","8.80M","0.45%"
"May 21, 2019","22.43","21.98","22.71","21.95","9.25M","3.75%"
"May 20, 2019","21.62","21.25","21.90","21.15","8.18M","2.46%"
"May 17, 2019","21.10","20.63","21.60","20.63","8.45M","1.05%"
"May 16, 2019","20.88","21.52","21.60","20.85","14.13M","-3.42%"
"May 15, 2019","21.62","22.03","22.03","21.46","11.85M","-2.96%"
"May 14, 2019","22.28","22.88","23.12","22.25","8.06M","-0.98%"
"May 13, 2019","22.50","23.06","23.16","22.50","7.42M","-3.47%"
"May 10, 2019","23.31","23.38","23.59","22.63","7.02M","0.30%"
"May 09, 2019","23.24","24.11","24.11","23.24","8.58M","-3.93%"
"May 08, 2019","24.19","24.01","24.44","24.01","7.25M","0.71%"
"May 07, 2019","24.02","25.19","25.29","23.91","13.64M","-4.04%"
"May 06, 2019","25.03","24.38","25.12","24.25","12.18M","2.04%"
"May 03, 2019","24.53","23.88","24.88","23.88","9.57M","2.89%"
"May 02, 2019","23.84","23.60","24.07","23.49","10.77M","-0.29%"
"Apr 30, 2019","23.91","22.95","23.91","22.88","17.03M","7.17%"
"Apr 29, 2019","22.31","22.38","22.50","22.16","4.09M","-0.27%"
"Apr 26, 2019","22.37","22.00","22.49","21.92","9.20M","2.24%"
"Apr 25, 2019","21.88","21.38","21.88","21.26","6.13M","1.48%"
"Apr 24, 2019","21.56","21.33","21.62","21.06","6.45M","0.84%"
"Apr 23, 2019","21.38","21.00","21.43","21.00","4.15M","2.30%"
"Apr 22, 2019","20.90","21.24","21.27","20.76","3.46M","-2.11%"
"Apr 18, 2019","21.35","20.10","21.41","20.04","10.93M","6.86%"
"Apr 17, 2019","19.98","20.45","20.59","19.82","9.74M","-1.77%"
"Apr 16, 2019","20.34","20.40","20.72","20.20","5.87M","-0.25%"
"Apr 15, 2019","20.39","20.70","20.81","20.25","10.37M","-0.83%"
"Apr 12, 2019","20.56","20.46","21.03","20.24","6.61M","-0.68%"
"Apr 11, 2019","20.70","21.00","21.00","20.45","5.15M","-1.62%"
"Apr 10, 2019","21.04","20.83","21.04","20.64","5.06M","1.45%"
"Apr 09, 2019","20.74","20.72","21.00","20.39","8.44M","-0.29%"
"Apr 08, 2019","20.80","21.16","21.23","20.59","19.24M","-1.89%"
"Apr 05, 2019","21.20","21.09","21.29","20.90","5.89M","0.57%"
"Apr 04, 2019","21.08","21.20","21.37","20.89","5.66M","-0.05%"
"Apr 03, 2019","21.09","20.95","21.55","20.80","10.10M","1.79%"
"Apr 02, 2019","20.72","21.45","21.51","20.64","8.86M","-3.00%"
"Apr 01, 2019","21.36","21.70","21.79","21.36","4.00M","-0.93%"
"Mar 29, 2019","21.56","21.48","21.69","21.33","5.72M","1.22%"
"Mar 28, 2019","21.30","21.08","21.51","20.60","11.18M","1.67%"
"Mar 27, 2019","20.95","21.83","21.83","20.75","12.64M","-4.86%"
"Mar 26, 2019","22.02","21.81","22.02","21.67","6.09M","1.99%"
"Mar 25, 2019","21.59","21.67","22.00","21.27","8.22M","-0.09%"
"Mar 22, 2019","21.61","22.44","22.68","21.54","10.98M","-4.93%"
"Mar 21, 2019","22.73","22.52","22.73","22.32","7.82M","0.35%"
"Mar 20, 2019","22.65","22.54","22.74","22.34","5.76M","0.49%"
"Mar 19, 2019","22.54","22.42","22.80","22.36","5.39M","0.18%"
"Mar 18, 2019","22.50","22.07","22.63","21.97","10.77M","1.81%"
"Mar 15, 2019","22.10","22.20","22.26","21.89","6.33M","0.41%"
"Mar 14, 2019","22.01","22.07","22.27","21.90","3.35M","-0.45%"
"Mar 13, 2019","22.11","22.23","22.40","21.90","5.70M","-0.90%"
"Mar 12, 2019","22.31","22.57","22.64","22.19","5.61M","-2.02%"
"Mar 11, 2019","22.77","22.54","22.93","22.23","9.71M","0.98%"
"Mar 08, 2019","22.55","21.94","22.87","21.68","13.55M","2.08%"
"Mar 07, 2019","22.09","21.39","22.20","21.26","9.92M","3.22%"
"Mar 06, 2019","21.40","21.84","21.87","21.34","3.88M","-2.06%"
"Mar 01, 2019","21.85","21.81","22.32","21.60","7.10M","1.02%"
"Feb 28, 2019","21.63","21.94","22.07","21.21","8.01M","-1.46%"
"Feb 27, 2019","21.95","22.26","22.40","21.80","6.38M","-1.39%"
"Feb 26, 2019","22.26","21.58","22.43","21.35","8.44M","2.77%"
"Feb 25, 2019","21.66","22.29","22.44","21.66","10.34M","-2.39%"
"Feb 22, 2019","22.19","21.20","22.59","20.69","30.51M","10.45%"
"Feb 21, 2019","20.09","20.47","20.52","19.90","10.16M","-0.89%"
"Feb 20, 2019","20.27","21.44","21.44","20.24","12.09M","-4.21%"
"Feb 19, 2019","21.16","20.95","21.45","20.90","7.57M","0.67%"
"Feb 18, 2019","21.02","20.44","21.02","20.27","3.75M","2.79%"
"Feb 15, 2019","20.45","21.14","21.20","20.45","7.86M","-3.95%"
"Feb 14, 2019","21.29","20.27","21.33","19.96","8.44M","5.82%"
"Feb 13, 2019","20.12","20.65","20.70","19.73","9.62M","-2.09%"
"Feb 12, 2019","20.55","20.83","20.98","20.37","8.16M","-0.34%"
"Feb 11, 2019","20.62","21.20","21.20","20.52","5.43M","-2.74%"
"Feb 08, 2019","21.20","20.95","21.20","20.52","5.51M","1.92%"
"Feb 07, 2019","20.80","21.28","21.88","20.80","9.42M","-1.70%"
"Feb 06, 2019","21.16","21.76","21.76","21.01","6.46M","-3.33%"
"Feb 05, 2019","21.89","22.06","22.12","21.80","3.61M","-0.86%"
"Feb 04, 2019","22.08","22.14","22.22","21.76","4.34M","-0.99%"
"Feb 01, 2019","22.30","22.32","22.51","21.97","5.17M","-0.13%"
"Jan 31, 2019","22.33","22.14","22.57","21.66","7.65M","1.64%"
"Jan 30, 2019","21.97","22.45","22.70","21.59","10.99M","-1.08%"
"Jan 29, 2019","22.21","20.96","22.41","20.95","12.79M","6.37%"
"Jan 28, 2019","20.88","20.70","21.01","20.45","6.26M","-0.05%"
"Jan 24, 2019","20.89","21.27","21.36","20.60","9.06M","-1.23%"
"Jan 23, 2019","21.15","20.45","21.22","20.31","9.56M","4.65%"
"Jan 22, 2019","20.21","20.35","20.82","20.04","16.26M","-2.98%"
"Jan 21, 2019","20.83","21.70","21.73","20.83","10.00M","-4.14%"
"Jan 18, 2019","21.73","21.89","22.06","21.64","5.62M","-0.14%"
"Jan 17, 2019","21.76","21.71","21.98","21.54","7.18M","-0.32%"
"Jan 16, 2019","21.83","22.09","22.20","21.60","8.86M","-1.09%"
"Jan 15, 2019","22.07","22.45","22.56","21.90","8.23M","-1.12%"
"Jan 14, 2019","22.32","22.19","22.41","21.95","8.53M","0.77%"
"Jan 11, 2019","22.15","22.57","22.64","22.14","9.37M","-1.77%"
"Jan 10, 2019","22.55","22.35","22.59","22.17","6.11M","0.94%"
"Jan 09, 2019","22.34","22.57","22.70","22.17","6.20M","-0.31%"
"Jan 08, 2019","22.41","22.64","22.76","22.32","4.85M","-0.80%"
"Jan 07, 2019","22.59","22.20","22.76","22.11","5.29M","1.53%"
"Jan 04, 2019","22.25","22.95","22.99","22.24","6.93M","-3.05%"
"Jan 03, 2019","22.95","22.42","23.13","22.37","6.59M","-1.08%"
"Jan 02, 2019","23.20","22.50","23.20","22.33","6.75M","3.07%"
"Dec 28, 2018","22.51","21.88","22.51","21.88","6.64M","4.07%"
"Dec 27, 2018","21.63","22.06","22.28","21.57","5.15M","-1.55%"
"Dec 26, 2018","21.97","22.62","22.63","21.94","6.41M","-3.30%"
"Dec 21, 2018","22.72","21.99","22.72","21.88","9.69M","2.71%"
"Dec 20, 2018","22.12","22.19","22.38","21.51","8.16M","0.55%"
"Dec 19, 2018","22.00","21.90","22.45","21.90","8.07M","0.59%"
"Dec 18, 2018","21.87","21.22","21.87","21.10","7.89M","3.45%"
"Dec 17, 2018","21.14","21.21","21.38","21.07","6.96M","-0.33%"
"Dec 14, 2018","21.21","20.97","21.44","20.85","8.80M","1.87%"
"Dec 13, 2018","20.82","20.90","21.09","20.79","4.77M","-0.29%"
"Dec 12, 2018","20.88","20.49","20.91","20.49","6.98M","2.15%"
"Dec 11, 2018","20.44","20.26","20.46","20.00","5.14M","2.40%"
"Dec 10, 2018","19.96","20.43","20.61","19.94","5.54M","-2.30%"
"Dec 07, 2018","20.43","20.45","20.78","20.26","6.43M","-0.58%"
"Dec 06, 2018","20.55","20.20","20.67","20.08","5.76M","0.24%"
"Dec 05, 2018","20.50","20.48","20.69","20.32","3.84M","0.05%"
"Dec 04, 2018","20.49","20.27","20.87","19.97","13.33M","1.69%"
"Dec 03, 2018","20.15","20.88","20.92","19.97","9.08M","-1.52%"
"Nov 30, 2018","20.46","21.07","21.26","20.45","14.06M","-3.90%"
"Nov 29, 2018","21.29","20.70","21.32","20.26","13.97M","0.71%"
"Nov 28, 2018","21.14","20.76","21.55","20.64","15.60M","0.76%"
"Nov 27, 2018","20.98","19.93","20.99","19.79","11.51M","6.71%"
"Nov 26, 2018","19.66","20.39","20.62","19.64","10.95M","-2.58%"
"Nov 23, 2018","20.18","19.91","20.45","19.91","9.52M","1.46%"
"Nov 22, 2018","19.89","19.28","19.89","19.27","9.02M","3.06%"
"Nov 21, 2018","19.30","19.24","19.50","18.92","7.47M","-0.57%"
"Nov 19, 2018","19.41","19.52","19.62","19.18","5.36M","-0.21%"
"Nov 16, 2018","19.45","19.50","19.61","19.27","10.81M","0.62%"
"Nov 14, 2018","19.33","19.19","19.43","18.59","11.63M","1.36%"
"Nov 13, 2018","19.07","19.26","19.73","18.97","13.64M","-0.10%"
"Nov 12, 2018","19.09","18.27","19.34","18.06","13.29M","4.89%"
"Nov 09, 2018","18.20","18.40","18.45","17.79","17.10M","-0.76%"
"Nov 08, 2018","18.34","18.71","19.14","18.34","14.70M","-2.24%"
"Nov 07, 2018","18.76","20.14","20.18","18.13","38.66M","-4.77%"
"Nov 06, 2018","19.70","20.70","20.78","19.53","27.03M","-8.37%"
"Nov 05, 2018","21.50","21.17","21.54","20.91","10.88M","1.80%"
"Nov 01, 2018","21.12","21.13","21.24","20.76","8.72M","0.67%"
"Oct 31, 2018","20.98","21.13","21.36","20.62","9.28M","-0.29%"
"Oct 30, 2018","21.04","20.90","21.07","20.47","13.44M","1.69%"
"Oct 29, 2018","20.69","21.38","21.59","20.33","10.99M","-0.19%"
"Oct 26, 2018","20.73","20.98","20.99","20.42","12.22M","-0.86%"
"Oct 25, 2018","20.91","21.11","21.21","20.51","12.10M","0.14%"
"Oct 24, 2018","20.88","21.12","21.31","20.88","8.83M","-0.67%"
"Oct 23, 2018","21.02","20.62","21.28","20.42","11.23M","1.20%"
"Oct 22, 2018","20.77","21.13","21.63","20.76","11.44M","-1.14%"
"Oct 19, 2018","21.01","20.15","21.36","20.01","15.36M","5.05%"
"Oct 18, 2018","20.00","20.10","20.10","19.74","10.46M","-0.55%"
"Oct 17, 2018","20.11","19.58","20.26","19.38","14.59M","1.62%"
"Oct 16, 2018","19.79","19.02","19.91","18.84","16.93M","6.11%"
"Oct 15, 2018","18.65","19.02","19.26","18.53","10.50M","-0.43%"
"Oct 11, 2018","18.73","18.15","18.86","18.14","16.51M","4.87%"
"Oct 10, 2018","17.86","18.46","18.63","17.86","13.15M","-4.34%"
"Oct 09, 2018","18.67","18.39","18.89","18.22","11.97M","1.14%"
"Oct 08, 2018","18.46","18.52","18.80","18.30","13.61M","4.59%"
"Oct 05, 2018","17.65","17.73","17.92","17.38","16.60M","1.79%"
"Oct 04, 2018","17.34","16.97","17.38","16.58","15.33M","0.12%"
"Oct 03, 2018","17.32","17.04","17.47","17.03","24.04M","6.85%"
"Oct 02, 2018","16.21","15.49","16.30","15.48","13.81M","6.36%"
"Oct 01, 2018","15.24","15.35","15.49","15.04","5.33M","0.07%"
"Sep 28, 2018","15.23","15.35","15.61","15.20","8.63M","-1.36%"
"Sep 27, 2018","15.44","15.32","15.71","15.30","8.99M","1.71%"
"Sep 26, 2018","15.18","15.31","15.54","15.17","9.95M","-0.85%"
"Sep 25, 2018","15.31","14.71","15.53","14.68","7.88M","1.46%"
"Sep 24, 2018","15.09","15.29","15.29","14.90","9.00M","-2.08%"
"Sep 21, 2018","15.41","14.85","15.59","14.77","15.05M","4.62%"
"Sep 20, 2018","14.73","15.16","15.19","14.56","9.41M","-0.41%"
"Sep 19, 2018","14.79","15.29","15.35","14.79","12.99M","-4.40%"
"Sep 18, 2018","15.47","14.76","15.54","14.69","12.29M","4.67%"
"Sep 17, 2018","14.78","14.42","14.83","14.34","7.17M","2.50%"
"Sep 14, 2018","14.42","14.33","14.63","14.22","10.20M","0.49%"
"Sep 13, 2018","14.35","14.92","14.92","14.28","12.50M","-3.30%"
"Sep 12, 2018","14.84","15.04","15.10","14.69","9.31M","0.20%"
"Sep 11, 2018","14.81","14.81","15.04","14.70","7.96M","-2.24%"
"Sep 10, 2018","15.15","15.68","15.82","14.78","15.50M","-2.63%"
"Sep 06, 2018","15.56","15.42","15.64","15.23","9.08M","2.77%"
"Sep 05, 2018","15.14","14.63","15.25","14.55","13.34M","3.20%"
"Sep 04, 2018","14.67","15.73","15.76","14.63","16.77M","-6.68%"
"Sep 03, 2018","15.72","16.03","16.04","15.63","6.61M","-2.90%"
"Aug 31, 2018","16.19","16.16","16.21","15.89","10.41M","2.08%"
"Aug 30, 2018","15.86","16.35","16.61","15.79","9.77M","-3.41%"
"Aug 29, 2018","16.42","16.18","16.60","16.18","11.54M","2.11%"
"Aug 28, 2018","16.08","16.36","16.53","15.74","15.90M","-1.59%"
"Aug 27, 2018","16.34","16.61","16.74","16.26","8.99M","-0.43%"
"Aug 24, 2018","16.41","16.78","16.89","16.32","7.98M","-0.55%"
"Aug 23, 2018","16.50","16.72","17.09","16.33","12.88M","-1.14%"
"Aug 22, 2018","16.69","16.64","16.88","16.17","8.76M","1.40%"
"Aug 21, 2018","16.46","17.15","17.46","16.28","19.54M","-4.30%"
"Aug 20, 2018","17.20","16.62","17.20","16.57","7.58M","3.55%"
"Aug 17, 2018","16.61","16.91","17.03","16.41","11.16M","-1.95%"
"Aug 16, 2018","16.94","17.62","17.62","16.94","11.28M","-1.74%"
"Aug 15, 2018","17.24","17.40","17.45","17.10","9.86M","-2.21%"
"Aug 14, 2018","17.63","17.72","17.78","17.50","5.58M","0.57%"
"Aug 13, 2018","17.53","17.30","17.58","16.99","8.39M","1.45%"
"Aug 10, 2018","17.28","18.04","18.14","17.24","15.49M","-5.42%"
"Aug 09, 2018","18.27","17.50","18.27","17.22","12.85M","4.94%"
"Aug 08, 2018","17.41","17.99","18.10","17.35","14.65M","-4.02%"
"Aug 07, 2018","18.14","18.46","18.46","17.93","28.71M","5.77%"
"Aug 06, 2018","17.15","17.09","17.21","16.83","10.47M","0.70%"
"Aug 03, 2018","17.03","17.03","17.15","16.82","10.75M","0.12%"
"Aug 02, 2018","17.01","16.72","17.01","16.72","7.99M","1.92%"
"Aug 01, 2018","16.69","16.41","16.78","16.35","7.64M","1.52%"
"Jul 31, 2018","16.44","16.12","16.44","16.04","5.79M","1.73%"
"Jul 30, 2018","16.16","16.10","16.39","16.09","6.48M","0.12%"
"Jul 27, 2018","16.14","16.41","16.56","16.10","9.03M","-1.28%"
"Jul 26, 2018","16.35","16.63","16.64","16.23","8.27M","-1.09%"
"Jul 25, 2018","16.53","16.70","16.84","16.35","8.52M","-0.60%"
"Jul 24, 2018","16.63","16.31","16.66","16.30","8.72M","3.04%"
"Jul 23, 2018","16.14","16.20","16.26","15.95","4.90M","-0.86%"
"Jul 20, 2018","16.28","16.41","16.51","16.06","10.15M","1.56%"
"Jul 19, 2018","16.03","15.82","16.03","15.41","13.21M","1.58%"
"Jul 18, 2018","15.78","16.50","16.78","15.73","15.47M","-3.84%"
"Jul 17, 2018","16.41","15.86","16.45","15.80","12.80M","3.34%"
"Jul 16, 2018","15.88","15.66","16.00","15.55","9.37M","1.66%"
"Jul 13, 2018","15.62","15.36","15.85","15.28","13.59M","1.83%"
"Jul 12, 2018","15.34","14.67","15.34","14.44","16.99M","7.80%"
"Jul 11, 2018","14.23","14.55","14.95","14.11","10.31M","-3.00%"
"Jul 10, 2018","14.67","15.29","15.40","14.62","15.69M","-3.04%"
"Jul 06, 2018","15.13","15.04","15.19","14.40","13.67M","1.41%"
"Jul 05, 2018","14.92","15.54","15.54","14.84","11.04M","-3.49%"
"Jul 04, 2018","15.46","15.62","15.71","15.39","4.46M","-0.13%"
"Jul 03, 2018","15.48","15.76","15.89","15.39","16.74M","-0.71%"
"Jul 02, 2018","15.59","15.81","16.02","15.55","8.03M","-2.01%"
"Jun 29, 2018","15.91","15.54","15.99","15.50","13.96M","3.58%"
"Jun 28, 2018","15.36","15.11","15.56","15.11","10.05M","1.65%"
"Jun 27, 2018","15.11","15.40","15.48","15.07","8.02M","-1.76%"
"Jun 26, 2018","15.38","15.35","15.56","15.19","12.66M","0.79%"
"Jun 25, 2018","15.26","15.35","15.46","14.95","18.21M","-0.07%"